ID,Name,Date,Time,Event,Status,Latitude,Longitude
AL011851,            UNNAMED,18510625,2100, L, HU,28.2,-96.8
AL041851,            UNNAMED,18510823,2100, L, HU,30.1,-85.7
AL061851,            UNNAMED,18511019,1500, L, TS,41.1,-71.7
AL011852,            UNNAMED,18520826,600, L, HU,30.2,-88.6
AL031852,            UNNAMED,18520912,0, L, HU,28,-82.8
AL051852,            UNNAMED,18521009,2100, L, HU,29.9,-84.4
AL011854,            UNNAMED,18540626,1200, L, HU,26.2,-97
AL031854,            UNNAMED,18540908,2000, L, HU,31.7,-81.1
AL041854,            UNNAMED,18540918,2100, L, HU,28.9,-95.3
AL051855,            UNNAMED,18550916,300, L, HU,29.2,-89.5
AL011856,            UNNAMED,18560810,1800, L, HU,29.2,-91.1
AL031856,            UNNAMED,18560819,1100, L, TS,34.8,-76.4
AL051856,            UNNAMED,18560831,600, L, HU,30.2,-85.9
AL021857,            UNNAMED,18570913,0, L, HU,33.9,-78
AL041857,            UNNAMED,18570930,1000, L, TS,25.8,-97
AL031858,            UNNAMED,18580914,1500, L, TS,27.6,-82.7
AL031858,            UNNAMED,18580916,1700, L, HU,40.9,-72.2
AL031858,            UNNAMED,18580916,1800, L, HU,41.4,-72
AL051859,            UNNAMED,18590916,0, L, HU,30.3,-88.1
AL071859,            UNNAMED,18591017,1600, L, TS,26.4,-80.1
AL081859,            UNNAMED,18591028,1800, L, HU,27.7,-82.8
AL011860,            UNNAMED,18600811,2000, L, HU,29.2,-90
AL041860,            UNNAMED,18600915,400, L, HU,29.3,-89.6
AL061860,            UNNAMED,18601002,1700, L, HU,29.5,-91.4
AL051861,            UNNAMED,18610927,1700, L, HU,34.5,-77.4
AL071861,            UNNAMED,18611007,1200, L, TS,35.3,-75.3
AL081861,            UNNAMED,18611101,800, L, TS,26,-81.8
AL081861,            UNNAMED,18611102,1000, L, HU,34.7,-77.6
AL081861,            UNNAMED,18611103,800, L, TS,41,-72.3
AL081861,            UNNAMED,18611103,900, L, TS,41.2,-72
AL061863,            UNNAMED,18630918,1300, L, TS,34.6,-77.1
AL091863,            UNNAMED,18630929,1200, L, TS,29.3,-94.8
AL021865,            UNNAMED,18650630,1200, L, TS,26,-97.5
AL041865,            UNNAMED,18650913,2100, L, HU,29.8,-93.4
AL051865,            UNNAMED,18650907,0, L, TS,29.7,-92
AL071865,            UNNAMED,18651023,1000, L, HU,24.6,-81.7
AL071865,            UNNAMED,18651023,1400, L, HU,25.4,-81.1
AL011866,            UNNAMED,18660715,1200, L, HU,28.5,-96.5
AL011867,            UNNAMED,18670622,1400, L, HU,32.9,-79.7
AL071867,            UNNAMED,18671004,1500, L, HU,29.2,-91
AL071867,            UNNAMED,18671006,1500, L, HU,29.6,-83.4
AL021868,            UNNAMED,18681004,1600, L, TS,29.9,-85.4
AL021869,            UNNAMED,18690817,700, L, HU,28.1,-96.8
AL051869,            UNNAMED,18690905,1200, L, HU,29.2,-90
AL061869,            UNNAMED,18690908,2100, L, HU,41,-71.9
AL061869,            UNNAMED,18690908,2200, L, HU,41.4,-71.7
AL101869,            UNNAMED,18691004,1900, L, HU,41.3,-70.5
AL101869,            UNNAMED,18691004,2000, L, HU,41.7,-70.4
AL101869,            UNNAMED,18691004,2300, L, HU,43.7,-70.1
AL091870,            UNNAMED,18701020,1400, L, HU,24.7,-82.8
AL091870,            UNNAMED,18701020,2000, L, HU,26,-81.8
AL011871,            UNNAMED,18710604,700, L, TS,29.1,-95.1
AL021871,            UNNAMED,18710609,1700, L, TS,29.2,-95
AL031871,            UNNAMED,18710817,200, L, HU,27.1,-80.2
AL031871,            UNNAMED,18710823,0, L, TS,31.2,-81.4
AL041871,            UNNAMED,18710825,500, L, HU,27.1,-80.3
AL061871,            UNNAMED,18710906,1400, L, HU,29.2,-83
AL071871,            UNNAMED,18711005,1600, L, TS,30,-83.9
AL011872,            UNNAMED,18720711,500, L, TS,29.1,-89.1
AL011872,            UNNAMED,18720711,800, L, TS,30.2,-89
AL051872,            UNNAMED,18721023,800, L, TS,27.9,-82.7
AL051872,            UNNAMED,18721025,100, L, TS,34.4,-77.7
AL011873,            UNNAMED,18730602,1100, L, TS,30.8,-81.4
AL031873,            UNNAMED,18730919,1500, L, HU,29.9,-84.4
AL041873,            UNNAMED,18730923,1000, L, TS,27.8,-82.8
AL051873,            UNNAMED,18731007,100, L, HU,26.5,-82.2
AL011874,            UNNAMED,18740704,2000, L, TS,28.5,-96.2
AL061874,            UNNAMED,18740928,300, L, HU,29.1,-82.9
AL061874,            UNNAMED,18740928,1800, L, HU,32.8,-80
AL031875,            UNNAMED,18750916,2100, L, HU,27.7,-97.2
AL041875,            UNNAMED,18750927,1300, L, TS,30.1,-85.7
AL021876,            UNNAMED,18760917,1400, L, HU,34.4,-77.6
AL051876,            UNNAMED,18761020,500, L, HU,25.8,-81.4
AL021877,            UNNAMED,18770918,1600, L, HU,29.2,-91
AL021877,            UNNAMED,18770919,2000, L, HU,30.4,-86.6
AL041877,            UNNAMED,18771003,500, L, HU,30,-85.5
AL071877,            UNNAMED,18771026,2100, L, TS,29.3,-83.2
AL011878,            UNNAMED,18780702,1500, L, TS,26,-81.8
AL051878,            UNNAMED,18780907,2100, L, TS,24.7,-80.9
AL051878,            UNNAMED,18780908,200, L, TS,25.2,-81
AL051878,            UNNAMED,18780910,1100, L, HU,28.6,-82.6
AL051878,            UNNAMED,18780912,1200, L, HU,32.5,-80.4
AL081878,            UNNAMED,18781010,2100, L, TS,29.9,-85.4
AL111878,            UNNAMED,18781023,400, L, HU,34.8,-77.1
AL021879,            UNNAMED,18790818,1200, L, HU,34.5,-76.8
AL021879,            UNNAMED,18790819,600, L, HU,41.4,-70.8
AL031879,            UNNAMED,18790823,200, L, HU,29.6,-94.4
AL041879,            UNNAMED,18790901,1600, L, HU,29.5,-91.4
AL051879,            UNNAMED,18791007,500, L, TS,29,-89.2
AL061879,            UNNAMED,18791016,800, L, TS,30.4,-86.6
AL071879,            UNNAMED,18791027,2100, L, TS,29,-82.7
AL011880,            UNNAMED,18800624,1500, L, TS,28.7,-95.7
AL021880,            UNNAMED,18800813,100, L, HU,25.8,-97
AL041880,            UNNAMED,18800829,1200, L, HU,28.2,-80.6
AL041880,            UNNAMED,18800831,400, L, HU,29.7,-84.8
AL061880,            UNNAMED,18800908,1600, L, TS,29.8,-83.6
AL061880,            UNNAMED,18800909,1000, L, HU,34.7,-77.1
AL091880,            UNNAMED,18801008,1900, L, HU,28.7,-83
AL111880,            UNNAMED,18801023,800, L, EX,41.3,-70
AL111880,            UNNAMED,18801023,1300, L, EX,44,-68.8
AL011881,            UNNAMED,18810803,1300, L, TS,30.2,-88.3
AL021881,            UNNAMED,18810813,2100, L, TS,28,-96.9
AL051881,            UNNAMED,18810828,200, L, HU,31.7,-81.1
AL061881,            UNNAMED,18810909,1600, L, HU,33.9,-78.1
AL021882,            UNNAMED,18820910,200, L, HU,30.4,-86.8
AL031882,            UNNAMED,18820915,500, L, TS,29.8,-93.7
AL041882,            UNNAMED,18820922,2200, L, TS,34.7,-77
AL041882,            UNNAMED,18820924,500, L, TS,40.7,-72.8
AL061882,            UNNAMED,18821011,400, L, HU,29.5,-83.3
AL031883,            UNNAMED,18830911,1300, L, HU,33.9,-78.5
AL031884,            UNNAMED,18840911,100, L, TS,31.6,-81.2
AL021885,            UNNAMED,18850825,1200, L, HU,32.6,-80.1
AL031885,            UNNAMED,18850830,2300, L, TS,30.1,-85.7
AL041885,            UNNAMED,18850921,300, L, TS,29,-89.4
AL041885,            UNNAMED,18850921,1200, L, TS,30,-85.6
AL061885,            UNNAMED,18850926,400, L, TS,29.6,-89
AL081885,            UNNAMED,18851011,2200, L, TS,29.4,-83.2
AL011886,            UNNAMED,18860614,1600, L, HU,29.6,-94.2
AL021886,            UNNAMED,18860621,1100, L, HU,30.1,-84
AL031886,            UNNAMED,18860630,2100, L, HU,29.7,-85.2
AL041886,            UNNAMED,18860719,100, L, HU,28.8,-82.7
AL051886,            UNNAMED,18860820,1300, L, HU,28.1,-96.8
AL101886,            UNNAMED,18861012,2200, L, HU,29.8,-93.5
AL031887,            UNNAMED,18870614,700, L, TS,30.2,-88.7
AL041887,            UNNAMED,18870727,1500, L, HU,30.4,-86.6
AL091887,            UNNAMED,18870921,1700, L, HU,26.1,-97.2
AL161887,            UNNAMED,18871030,100, L, TS,28.1,-82.8
AL011888,            UNNAMED,18880617,600, L, HU,28.7,-95.7
AL021888,            UNNAMED,18880705,1600, L, TS,28.8,-95.6
AL031888,            UNNAMED,18880816,1900, L, HU,25.8,-80.1
AL031888,            UNNAMED,18880819,1600, L, HU,29.1,-90.7
AL051888,            UNNAMED,18880908,0, L, TS,26.7,-80.1
AL061888,            UNNAMED,18880926,1300, L, HU,41.6,-69.9
AL071888,            UNNAMED,18881011,100, L, HU,29.2,-83.1
AL071888,            UNNAMED,18881011,1600, L, TS,33.9,-78.1
AL021889,            UNNAMED,18890617,1500, L, TS,29.1,-82.9
AL061889,            UNNAMED,18890923,400, L, HU,29.1,-89.8
AL061889,            UNNAMED,18890923,1300, L, TS,30.3,-88.7
AL091889,            UNNAMED,18891005,2300, L, TS,24.7,-81.1
AL091889,            UNNAMED,18891006,100, L, TS,25.2,-80.9
AL021890,            UNNAMED,18900827,1600, L, TS,29.1,-90.9
AL011891,            UNNAMED,18910705,2200, L, HU,28.8,-95.5
AL031891,            UNNAMED,18910824,1500, L, HU,25.4,-80.2
AL071891,            UNNAMED,18911007,800, L, TS,25.2,-81.3
AL011892,            UNNAMED,18920610,2300, L, TS,25.7,-81.3
AL041892,            UNNAMED,18920912,700, L, TS,29,-90.6
AL091892,            UNNAMED,18921024,1900, L, TS,27.6,-82.8
AL011893,            UNNAMED,18930615,2300, L, TS,29.9,-83.7
AL041893,            UNNAMED,18930824,1200, L, HU,40.7,-73.9
AL061893,            UNNAMED,18930828,500, L, HU,31.7,-81.1
AL081893,            UNNAMED,18930907,1400, L, HU,29.2,-91.1
AL091893,            UNNAMED,18931013,1300, L, HU,33,-79.5
AL101893,            UNNAMED,18931002,800, L, HU,29.3,-89.8
AL101893,            UNNAMED,18931002,1600, L, HU,30.3,-88.9
AL111893,            UNNAMED,18931023,300, L, TS,35.2,-75.6
AL111893,            UNNAMED,18931023,1100, L, TS,38.1,-75.6
AL021894,            UNNAMED,18940807,1800, L, TS,30.3,-87.6
AL041894,            UNNAMED,18940925,1100, L, HU,24.7,-82
AL041894,            UNNAMED,18940925,1900, L, HU,26.5,-82
AL041894,            UNNAMED,18940927,700, L, HU,32.3,-80.7
AL041894,            UNNAMED,18940928,1200, L, TS,34.7,-76.7
AL051894,            UNNAMED,18941009,300, L, HU,30.2,-85.5
AL051894,            UNNAMED,18941010,1500, L, HU,40.7,-72.9
AL011895,            UNNAMED,18950815,1900, L, TS,29.3,-89.6
AL011895,            UNNAMED,18950816,1300, L, TS,30.2,-88.8
AL041895,            UNNAMED,18951007,400, L, TS,29.3,-94.8
AL061895,            UNNAMED,18951016,1300, L, TS,25.7,-81.3
AL011896,            UNNAMED,18960707,1700, L, HU,30.4,-86.5
AL021896,            UNNAMED,18960910,1300, L, HU,41.2,-70.6
AL041896,            UNNAMED,18960929,1100, L, HU,29.2,-83.1
AL051896,            UNNAMED,18961009,200, L, TS,26.4,-82
AL021897,            UNNAMED,18970910,1800, L, TS,24.4,-81.9
AL021897,            UNNAMED,18970913,500, L, HU,29.7,-93.8
AL031897,            UNNAMED,18970921,200, L, TS,26.7,-82.3
AL031897,            UNNAMED,18970923,1000, L, TS,35.2,-75.7
AL031897,            UNNAMED,18970924,1100, L, TS,40.8,-72.7
AL031897,            UNNAMED,18970924,1300, L, TS,41.3,-72.2
AL051897,            UNNAMED,18971020,2000, L, TS,35.2,-75.5
AL061897,            UNNAMED,18971025,2300, L, TS,36.1,-75.8
AL011898,            UNNAMED,18980802,300, L, TS,27.1,-80.1
AL011898,            UNNAMED,18980802,2300, L, HU,29.7,-84.8
AL021898,            UNNAMED,18980831,700, L, HU,32.1,-80.8
AL051898,            UNNAMED,18980920,1100, L, TS,29.6,-92.8
AL061898,            UNNAMED,18980928,700, L, TS,29.4,-94.7
AL071898,            UNNAMED,18981002,1600, L, HU,30.9,-81.4
AL011899,            UNNAMED,18990627,900, L, TS,29.1,-95.1
AL021899,            UNNAMED,18990730,1000, L, TS,24.9,-80.6
AL021899,            UNNAMED,18990801,1700, L, HU,29.7,-84.7
AL031899,            UNNAMED,18990818,100, L, HU,35.2,-75.8
AL061899,            UNNAMED,18991005,1000, L, TS,27.9,-82.8
AL091899,            UNNAMED,18991031,900, L, HU,33.6,-79
AL011900,            UNNAMED,19000909,200, L, HU,29.1,-95.1
AL041900,            UNNAMED,19000913,600, L, TS,29.1,-89.5
AL041900,            UNNAMED,19000913,1500, L, TS,30.3,-88.8
AL061900,            UNNAMED,19001012,300, L, TS,29.5,-83.3
AL011901,            UNNAMED,19010613,2100, L, TS,29.9,-84.6
AL021901,            UNNAMED,19010710,1000, L, TS,28.6,-96
AL031901,            UNNAMED,19010711,700, L, HU,36,-75.8
AL031901,            UNNAMED,19010712,2200, L, TS,34,-77.9
AL041901,            UNNAMED,19010810,2200, L, TS,26.3,-80.1
AL041901,            UNNAMED,19010814,2100, L, HU,29.3,-89.6
AL041901,            UNNAMED,19010815,1700, L, HU,30.4,-88.8
AL081901,            UNNAMED,19010917,2000, L, TS,30.4,-86.6
AL101901,            UNNAMED,19010928,300, L, TS,29.9,-84.6
AL011902,            UNNAMED,19020614,2300, L, TS,29.8,-83.7
AL021902,            UNNAMED,19020626,2100, L, TS,27.7,-97.2
AL041902,            UNNAMED,19021010,2100, L, TS,30.3,-87.3
AL031903,            UNNAMED,19030911,2300, L, HU,26.1,-80.1
AL031903,            UNNAMED,19030913,2300, L, HU,30.1,-85.6
AL041903,            UNNAMED,19030916,1100, L, HU,39.1,-74.7
AL021904,            UNNAMED,19040914,1300, L, HU,33.1,-79.2
AL041904,            UNNAMED,19041017,800, L, HU,25.3,-80.3
AL041904,            UNNAMED,19041020,1000, L, TS,25.5,-81.2
AL061904,            UNNAMED,19041103,1200, L, TS,30.3,-86.7
AL031905,            UNNAMED,19050929,1000, L, TS,29.6,-92.6
AL051905,            UNNAMED,19051009,1700, L, TS,29.5,-91.4
AL011906,            UNNAMED,19060612,2000, L, TS,30.1,-85.6
AL021906,            UNNAMED,19060617,300, L, HU,24.7,-81.1
AL021906,            UNNAMED,19060617,800, L, HU,25.2,-80.7
AL051906,            UNNAMED,19060917,2200, L, HU,33.3,-79.2
AL061906,            UNNAMED,19060927,1100, L, HU,30.2,-88.6
AL081906,            UNNAMED,19061018,1000, L, HU,24.7,-81.1
AL081906,            UNNAMED,19061018,1200, L, HU,25.3,-80.7
AL081906,            UNNAMED,19061021,900, L, TS,30,-81.4
AL011907,            UNNAMED,19070628,2300, L, TS,30.3,-85.9
AL021907,            UNNAMED,19070921,1700, L, TS,30.4,-88.9
AL031907,            UNNAMED,19070928,2000, L, TS,30.1,-85.7
AL021908,            UNNAMED,19080529,2100, L, HU,35.2,-75.6
AL021908,            UNNAMED,19080530,2300, L, TS,41.3,-72
AL031908,            UNNAMED,19080731,1100, L, HU,34.6,-77.1
AL041908,            UNNAMED,19080731,2200, L, TS,29.5,-91.9
AL051908,            UNNAMED,19080901,800, L, TS,34.6,-76.6
AL021909,            UNNAMED,19090629,1700, L, HU,26.1,-97.2
AL031909,            UNNAMED,19090628,2000, L, TS,26,-80.1
AL031909,            UNNAMED,19090630,1400, L, TS,30.1,-84.1
AL041909,            UNNAMED,19090721,1700, L, HU,28.9,-95.3
AL081909,            UNNAMED,19090829,900, L, TS,26.4,-80.1
AL091909,            UNNAMED,19090921,0, L, HU,29.5,-91.3
AL111909,            UNNAMED,19091011,1800, L, HU,24.7,-81
AL031910,            UNNAMED,19100914,2200, L, HU,26.9,-97.4
AL051910,            UNNAMED,19101018,600, L, HU,26.5,-82
AL021911,            UNNAMED,19110811,2200, L, HU,30.3,-87.5
AL031911,            UNNAMED,19110828,1000, L, HU,32.2,-80.7
AL011912,            UNNAMED,19120613,500, L, TS,29.6,-91.6
AL021912,            UNNAMED,19120715,1500, L, TS,31.3,-81.3
AL041912,            UNNAMED,19120914,800, L, HU,30.3,-88.4
AL061912,            UNNAMED,19121016,1800, L, HU,27.1,-97.4
AL011913,            UNNAMED,19130628,100, L, HU,27.1,-97.4
AL041913,            UNNAMED,19130903,800, L, HU,34.7,-76.6
AL051913,            UNNAMED,19131008,1400, L, HU,33.1,-79.4
AL011914,            UNNAMED,19140917,700, L, TS,30.6,-81.4
AL011915,            UNNAMED,19150801,1800, L, HU,28.7,-80.8
AL021915,            UNNAMED,19150817,700, L, HU,29.2,-95.1
AL041915,            UNNAMED,19150904,1100, L, HU,30,-85.4
AL061915,            UNNAMED,19150929,1800, L, HU,29,-90.3
AL011916,            UNNAMED,19160514,600, L, TS,25.1,-81
AL021916,            UNNAMED,19160705,2100, L, HU,30.4,-88.4
AL031916,            UNNAMED,19160721,1300, L, TS,41.4,-71.2
AL041916,            UNNAMED,19160714,800, L, HU,32.9,-79.5
AL061916,            UNNAMED,19160818,2200, L, HU,27,-97.4
AL071916,            UNNAMED,19160825,800, L, TS,25.6,-80.3
AL091916,            UNNAMED,19160906,600, L, TS,33.9,-78.3
AL121916,            UNNAMED,19161004,2100, L, TS,31.5,-81.4
AL141916,            UNNAMED,19161018,1400, L, HU,30.4,-87.4
AL041917,            UNNAMED,19170929,200, L, HU,30.4,-86.6
AL011918,            UNNAMED,19180806,1800, L, HU,29.8,-93.2
AL031918,            UNNAMED,19180824,2100, L, HU,34.8,-76.8
AL011919,            UNNAMED,19190704,1100, L, TS,30.4,-87
AL021919,            UNNAMED,19190910,700, L, HU,24.6,-82.9
AL021919,            UNNAMED,19190914,2100, L, HU,27.2,-97.3
AL041919,            UNNAMED,19191001,100, L, TS,31.2,-81.3
AL021920,            UNNAMED,19200922,100, L, HU,29.1,-90.8
AL031920,            UNNAMED,19200923,600, L, TS,33.7,-78.2
AL051920,            UNNAMED,19200930,900, L, TS,28.9,-82.9
AL011921,            UNNAMED,19210622,1800, L, HU,28.5,-95.9
AL061921,            UNNAMED,19211025,2000, L, HU,28.1,-82.8
AL011923,            UNNAMED,19230626,500, L, TS,29.1,-90.1
AL061923,            UNNAMED,19231016,600, L, HU,29.2,-91
AL071923,            UNNAMED,19231019,900, L, TS,41.3,-70.6
AL081923,            UNNAMED,19231018,100, L, TS,30.3,-89
AL051924,            UNNAMED,19240915,1400, L, HU,29.7,-85.3
AL081924,            UNNAMED,19240929,2100, L, TS,30,-84
AL101924,            UNNAMED,19241021,100, L, HU,25.8,-81.8
AL041925,            UNNAMED,19251201,300, L, TS,26.3,-81.9
AL011926,            UNNAMED,19260728,1000, L, HU,29,-80.8
AL031926,            UNNAMED,19260825,2300, L, HU,29.2,-90.9
AL071926,            UNNAMED,19260918,1200, L, HU,25.6,-80.3
AL071926,            UNNAMED,19260920,2200, L, HU,30.3,-87.5
AL051927,            UNNAMED,19271003,900, L, TS,32.5,-80.4
AL011928,            UNNAMED,19280808,700, L, HU,27.3,-80.2
AL011928,            UNNAMED,19280810,400, L, TS,30,-84.3
AL021928,            UNNAMED,19280813,300, L, TS,24.7,-81.4
AL021928,            UNNAMED,19280814,1400, L, TS,29.9,-84.7
AL041928,            UNNAMED,19280917,0, L, HU,26.7,-80
AL041928,            UNNAMED,19280918,1900, L, HU,32.5,-80.3
AL011929,            UNNAMED,19290628,2100, L, HU,28.3,-96.4
AL021929,            UNNAMED,19290928,1300, L, HU,25,-80.5
AL021929,            UNNAMED,19291001,400, L, HU,30.2,-85.7
AL021930,            UNNAMED,19300909,900, L, TS,27.5,-82.7
AL011931,            UNNAMED,19310627,2200, L, TS,26.6,-97.3
AL021931,            UNNAMED,19310715,1000, L, TS,29.2,-91
AL021932,            UNNAMED,19320814,400, L, HU,29,-95.2
AL031932,            UNNAMED,19320830,400, L, TS,25.3,-80.3
AL031932,            UNNAMED,19320901,500, L, HU,30.2,-88.1
AL061932,            UNNAMED,19320915,400, L, TS,30,-83.9
AL081932,            UNNAMED,19320919,1900, L, TS,29.6,-91.9
AL031933,            UNNAMED,19330723,800, L, TS,28.6,-96
AL051933,            UNNAMED,19330730,1600, L, HU,27.1,-80.1
AL061933,            UNNAMED,19330823,1000, L, HU,35.8,-75.6
AL061933,            UNNAMED,19330823,1200, L, HU,36.1,-75.8
AL081933,            UNNAMED,19330905,400, L, HU,26.1,-97.2
AL111933,            UNNAMED,19330904,500, L, HU,26.9,-80.1
AL111933,            UNNAMED,19330905,400, L, TS,29.2,-82.9
AL011934,            UNNAMED,19340616,1900, L, HU,29.7,-91.7
AL031934,            UNNAMED,19340725,1700, L, HU,28.1,-96.8
AL061934,            UNNAMED,19340903,1000, L, TS,35,-76.2
AL071934,            UNNAMED,19340909,200, L, HU,40.7,-73
AL071934,            UNNAMED,19340909,400, L, TS,41.2,-73
AL111934,            UNNAMED,19341006,100, L, TS,30.3,-87.4
AL031935,            UNNAMED,19350903,200, L, HU,24.8,-80.8
AL031935,            UNNAMED,19350904,2200, L, HU,29.6,-83.4
AL071935,            UNNAMED,19351104,1800, L, HU,25.9,-80.1
AL011936,            UNNAMED,19360615,800, L, TS,25.9,-81.7
AL031936,            UNNAMED,19360627,1600, L, HU,27.9,-97
AL041936,            UNNAMED,19360727,1600, L, TS,29.1,-90.2
AL051936,            UNNAMED,19360729,200, L, TS,25.3,-80.3
AL051936,            UNNAMED,19360731,1400, L, HU,30.4,-86.6
AL091936,            UNNAMED,19360821,2200, L, TS,28.9,-80.8
AL011937,            UNNAMED,19370729,2200, L, TS,28.1,-82.8
AL031937,            UNNAMED,19370830,1400, L, TS,29.1,-80.9
AL071937,            UNNAMED,19370919,1800, L, TS,29.1,-89.3
AL071937,            UNNAMED,19370920,1600, L, TS,29.7,-85.4
AL101937,            UNNAMED,19371003,1200, L, TS,29.5,-92
AL101937,            UNNAMED,19371003,1400, L, TS,29.8,-92
AL031938,            UNNAMED,19380815,100, L, HU,29.8,-93.4
AL061938,            UNNAMED,19380921,2000, L, HU,40.7,-72.9
AL061938,            UNNAMED,19380921,2100, L, HU,41.3,-72.9
AL071938,            UNNAMED,19381017,1300, L, TS,29.3,-94.8
AL011939,            UNNAMED,19390616,1300, L, TS,30.3,-87.6
AL021939,            UNNAMED,19390811,2300, L, HU,27.2,-80.2
AL021939,            UNNAMED,19390813,600, L, HU,30.4,-86.4
AL041939,            UNNAMED,19390926,800, L, TS,29.1,-90.2
AL021940,            UNNAMED,19400807,2100, L, HU,29.7,-94.1
AL031940,            UNNAMED,19400811,2000, L, HU,32.1,-80.8
AL061940,            UNNAMED,19400924,900, L, TS,29.8,-93.4
AL021941,            UNNAMED,19410923,2200, L, HU,28.8,-95.6
AL051941,            UNNAMED,19411006,1000, L, HU,25.5,-80.2
AL051941,            UNNAMED,19411006,1100, L, HU,25.5,-80.3
AL051941,            UNNAMED,19411007,900, L, HU,29.9,-84.6
AL061941,            UNNAMED,19411020,1400, L, TS,29,-83
AL021942,            UNNAMED,19420821,1300, L, HU,29.5,-94.6
AL031942,            UNNAMED,19420830,900, L, HU,28.3,-96.6
AL011943,            UNNAMED,19430727,1800, L, HU,29.5,-94.6
AL071943,            UNNAMED,19431001,0, L, TS,37.7,-75.7
AL031944,            UNNAMED,19440801,2300, L, HU,33.9,-78.1
AL061944,            UNNAMED,19440910,1900, L, TS,29.3,-89.4
AL061944,            UNNAMED,19440910,2300, L, TS,30.3,-88.3
AL071944,            UNNAMED,19440915,200, L, HU,40.9,-72.2
AL071944,            UNNAMED,19440915,400, L, HU,41.4,-71.6
AL131944,            UNNAMED,19441018,2100, L, HU,24.6,-82.9
AL131944,            UNNAMED,19441019,700, L, HU,27.2,-82.5
AL011945,            UNNAMED,19450624,800, L, HU,28.6,-82.7
AL011945,            UNNAMED,19450626,100, L, HU,34.7,-76.6
AL051945,            UNNAMED,19450827,1200, L, HU,28.2,-96.7
AL071945,            UNNAMED,19450905,0, L, TS,26.5,-82.1
AL091945,            UNNAMED,19450915,1930, L, HU,25.3,-80.3
AL091945,            UNNAMED,19450915,2000, L, HU,25.4,-80.4
AL091945,            UNNAMED,19450917,1100, L, TS,32.1,-80.9
AL021946,            UNNAMED,19460706,800, L, TS,33.9,-78.2
AL031946,            UNNAMED,19460825,1900, L, TS,22.1,-97.8
AL041946,            UNNAMED,19460912,1700, L, TS,25,-78.2
AL041946,            UNNAMED,19460912,2300, L, TS,25.9,-77.3
AL061946,            UNNAMED,19461007,400, L, HU,22.2,-83.9
AL061946,            UNNAMED,19461008,200, L, HU,27.5,-82.6
AL071946,            UNNAMED,19461101,300, L, TS,23.4,-75.8
AL071946,            UNNAMED,19461101,1200, L, TS,24.6,-77.8
AL071946,            UNNAMED,19461101,2200, L, TS,26.6,-80.1
AL011947,            UNNAMED,19470802,0, L, TS,25.6,-97.3
AL021947,            UNNAMED,19470812,1600, L, TS,19.9,-87.5
AL021947,            UNNAMED,19470815,1000, L, HU,21.7,-97.5
AL031947,            UNNAMED,19470822,1400, L, TS,29.1,-90.3
AL031947,            UNNAMED,19470824,2200, L, HU,29.2,-94.9
AL041947,            UNNAMED,19470916,1900, L, HU,26.7,-77.1
AL041947,            UNNAMED,19470917,1630, L, HU,26.1,-80.1
AL041947,            UNNAMED,19470919,1400, L, HU,29.6,-89.5
AL051947,            UNNAMED,19470908,1400, L, TS,30.3,-88.2
AL061947,            UNNAMED,19470921,2200, L, TS,21.6,-82.6
AL061947,            UNNAMED,19470922,300, L, TS,22.5,-83.1
AL061947,            UNNAMED,19470923,2200, L, TS,28.9,-82.7
AL071947,            UNNAMED,19471007,400, L, TS,30.8,-81.5
AL091947,            UNNAMED,19471011,700, L, TS,22.2,-83.6
AL091947,            UNNAMED,19471012,200, L, HU,25.4,-81.2
AL091947,            UNNAMED,19471015,1100, L, HU,31.8,-80.9
AL021948,            UNNAMED,19480709,700, L, TS,30.3,-87.3
AL041948,            UNNAMED,19480831,2200, L, TS,13.8,-60.9
AL051948,            UNNAMED,19480904,700, L, HU,29.1,-90.5
AL081948,            UNNAMED,19480920,2200, L, HU,22.3,-82.1
AL081948,            UNNAMED,19480921,100, L, HU,22.7,-82
AL081948,            UNNAMED,19480921,1700, L, HU,24.6,-81.6
AL081948,            UNNAMED,19480922,500, L, HU,25.8,-81.3
AL091948,            UNNAMED,19481005,700, L, HU,22.4,-83.2
AL091948,            UNNAMED,19481005,1800, L, HU,24.7,-81.2
AL091948,            UNNAMED,19481005,2000, L, HU,25.1,-80.9
AL091948,            UNNAMED,19481007,2200, L, HU,32.3,-64.9
AL021949,            UNNAMED,19490826,2300, L, HU,26.6,-80
AL031949,            UNNAMED,19490901,600, L, TS,13.9,-61
AL051949,            UNNAMED,19490904,1200, L, TS,29.3,-90.6
AL071949,            UNNAMED,19490913,800, L, TS,34.3,-77.8
AL091949,            UNNAMED,19490926,800, L, TS,19.5,-96.3
AL101949,            UNNAMED,19490922,1500, L, TS,18.4,-70
AL111949,            UNNAMED,19491004,500, L, HU,28.8,-95.6
AL161949,            UNNAMED,19491104,1400, L, TS,15.6,-84.1
AL011950,               ABLE,19500821,1600, L, HU,44.6,-63.7
AL021950,              BAKER,19500822,1200, L, TS,16.8,-62.2
AL021950,              BAKER,19500831,300, L, HU,30.2,-88
AL021950,              BAKER,19500831,400, L, HU,30.7,-87.9
AL051950,               EASY,19500903,100, L, HU,21.5,-82.6
AL051950,               EASY,19500903,700, L, HU,22.7,-82.3
AL051950,               EASY,19500905,1700, L, HU,29.1,-82.8
AL051950,               EASY,19500906,400, L, HU,28.5,-82.7
AL091950,               ITEM,19501011,400, L, HU,18.9,-95.9
AL111950,               KING,19501016,2200, L, HU,20.9,-78.3
AL111950,               KING,19501018,500, L, HU,25.7,-80.2
AL131950,               LOVE,19501021,1100, L, TS,29.7,-83.4
AL021951,               ABLE,19510518,1200, L, HU,27,-77.9
AL041951,            CHARLIE,19510818,300, L, HU,17.9,-76.9
AL041951,            CHARLIE,19510820,200, L, HU,20.3,-87
AL041951,            CHARLIE,19510820,300, L, HU,20.4,-87.3
AL041951,            CHARLIE,19510822,1900, L, HU,22.3,-97.8
AL081951,             GEORGE,19510921,1400, L, TS,21.6,-97.4
AL091951,                HOW,19511002,1000, L, TS,26.7,-82.3
AL021952,               ABLE,19520831,300, L, HU,32.3,-80.6
AL031952,            UNNAMED,19520828,200, L, TS,33.7,-78.7
AL101952,                FOX,19521024,1800, L, HU,22,-80.9
AL101952,                FOX,19521025,1900, L, TS,24.4,-78.3
AL101952,                FOX,19521026,1000, L, HU,24.7,-76.2
AL101952,                FOX,19521026,1500, L, HU,24.5,-75.6
AL011953,              ALICE,19530526,1800, L, TS,15.4,-83.9
AL011953,              ALICE,19530531,1300, L, TS,21.9,-84.3
AL011953,              ALICE,19530606,1700, L, TS,30.3,-85.9
AL031953,            BARBARA,19530814,300, L, HU,35,-76.1
AL031953,            BARBARA,19530814,500, L, HU,35.4,-76.1
AL031953,            BARBARA,19530814,900, L, HU,36.1,-75.9
AL041953,              CAROL,19530907,2000, L, HU,44.2,-66.4
AL041953,              CAROL,19530907,2200, L, HU,45.3,-65.8
AL061953,              DOLLY,19530912,500, L, TS,32.3,-64.8
AL081953,            UNNAMED,19530920,1700, L, TS,29,-82.8
AL091953,           FLORENCE,19530926,1500, L, HU,30.3,-86.2
AL121953,              HAZEL,19531009,1500, L, HU,26.7,-82.2
AL121953,              HAZEL,19531009,1600, L, HU,26.7,-82.1
AL031954,              ALICE,19540625,1400, L, HU,25,-97.6
AL051954,            BARBARA,19540729,1000, L, TS,29.7,-92.8
AL061954,              CAROL,19540831,1400, L, HU,40.9,-72.2
AL061954,              CAROL,19540831,1500, L, HU,41.3,-72
AL081954,               EDNA,19540911,1830, L, HU,41.4,-70.5
AL081954,               EDNA,19540911,1900, L, HU,41.7,-70.3
AL081954,               EDNA,19540911,1930, L, HU,41.9,-70.1
AL101954,           FLORENCE,19540912,1100, L, TS,20.4,-96.8
AL121954,              GILDA,19540927,1700, L, TS,16.7,-88.4
AL141954,              HAZEL,19541006,0, L, HU,12.2,-61.6
AL141954,              HAZEL,19541012,900, L, HU,18.3,-74.2
AL141954,              HAZEL,19541013,0, L, HU,19.6,-73.4
AL141954,              HAZEL,19541013,1400, L, HU,21,-73.1
AL141954,              HAZEL,19541015,1530, L, HU,33.9,-78.6
AL011955,             BRENDA,19550801,1700, L, TS,29.7,-89.4
AL021955,             CONNIE,19550812,1500, L, HU,34.7,-76.7
AL031955,              DIANE,19550817,1200, L, TS,34,-77.9
AL051955,            UNNAMED,19550827,400, L, TS,30,-89.2
AL071955,             GLADYS,19550905,2200, L, HU,23.1,-97.8
AL081955,               IONE,19550919,1100, L, HU,34.7,-76.7
AL091955,              HILDA,19550913,2100, L, HU,20.2,-74.2
AL091955,              HILDA,19550915,300, L, HU,19.3,-81.2
AL091955,              HILDA,19550916,1400, L, HU,19.7,-87.7
AL091955,              HILDA,19550919,1100, L, HU,22.3,-97.9
AL101955,              JANET,19550923,0, L, HU,12.6,-61.4
AL101955,              JANET,19550927,1700, L, HU,17.4,-83.9
AL101955,              JANET,19550928,500, L, HU,18.4,-87.8
AL101955,              JANET,19550929,1800, L, HU,19.8,-96.4
AL131955,              KATIE,19551017,500, L, HU,18,-71.7
AL161954,              ALICE,19550102,2100, L, HU,18,-63
AL011956,            UNNAMED,19560613,1700, L, TS,29.1,-90.7
AL021956,               ANNA,19560726,2100, L, HU,21.7,-97.5
AL051956,               DORA,19560912,1800, L, TS,20.9,-97.3
AL071956,             FLOSSY,19560924,1000, L, HU,29.1,-89.4
AL071956,             FLOSSY,19560925,0, L, HU,30.4,-86.4
AL111956,            UNNAMED,19561015,2100, L, TS,25.2,-80.6
AL011957,            UNNAMED,19570609,30, L, TS,30.1,-84.2
AL021957,             AUDREY,19570627,1330, L, HU,29.8,-93.7
AL031957,             BERTHA,19570810,600, L, TS,29.7,-93.9
AL051957,             DEBBIE,19570908,1700, L, TS,30.3,-86.1
AL061957,             ESTHER,19570918,1200, L, TS,29.2,-90.9
AL011958,               ALMA,19580615,800, L, TS,24.9,-97.6
AL051958,               ELLA,19580901,1200, L, HU,18.2,-73.4
AL051958,               ELLA,19580902,0, L, HU,20,-76.2
AL051958,               ELLA,19580903,1100, L, TS,21.8,-82.7
AL051958,               ELLA,19580903,1700, L, TS,22.1,-84
AL051958,               ELLA,19580906,800, L, TS,27.5,-97.2
AL071958,              GERDA,19580914,2100, L, TS,18,-71.2
AL071958,              GERDA,19580920,800, L, TS,24.5,-97.7
AL101958,             JANICE,19581006,300, L, TS,22,-80.3
AL101958,             JANICE,19581006,1600, L, TS,24.2,-78
AL101958,             JANICE,19581006,2100, L, HU,25.1,-77.1
AL101958,             JANICE,19581006,2300, L, HU,25.5,-76.8
AL011959,             ARLENE,19590530,2200, L, TS,29.6,-91.6
AL031959,            UNNAMED,19590618,800, L, TS,28,-82.8
AL041959,              CINDY,19590709,400, L, HU,33,-79.6
AL041959,              CINDY,19590711,1200, L, TS,41.7,-70.7
AL051959,              DEBRA,19590725,500, L, HU,29.1,-95.2
AL061959,              EDITH,19590818,1000, L, TS,15.3,-61.3
AL081959,             GRACIE,19590929,1700, L, HU,32.5,-80.4
AL101959,              IRENE,19591008,1000, L, TS,30.3,-87.6
AL111959,             JUDITH,19591018,1400, L, TS,26.7,-82.3
AL011960,            UNNAMED,19600624,400, L, TS,26.9,-97.4
AL021960,               ABBY,19600710,1200, L, TS,13.9,-60.9
AL021960,               ABBY,19600715,600, L, HU,16.3,-86.6
AL021960,               ABBY,19600715,1400, L, HU,16.5,-88.4
AL031960,             BRENDA,19600729,600, L, TS,29.7,-83.5
AL031960,             BRENDA,19600729,2100, L, TS,33.9,-78.2
AL051960,              DONNA,19600904,2200, L, HU,17.7,-61.8
AL051960,              DONNA,19600905,400, L, HU,18.1,-63
AL051960,              DONNA,19600908,600, L, HU,22.2,-74.3
AL051960,              DONNA,19600908,1600, L, HU,22.4,-75.8
AL051960,              DONNA,19600910,700, L, HU,24.8,-80.9
AL051960,              DONNA,19600910,1600, L, HU,25.9,-81.6
AL051960,              DONNA,19600912,400, L, HU,34.6,-77.3
AL051960,              DONNA,19600912,1900, L, HU,40.7,-72.9
AL051960,              DONNA,19600912,2000, L, HU,41.3,-72.4
AL061960,              ETHEL,19600915,2100, L, HU,30.4,-89
AL071960,           FLORENCE,19600919,900, L, TS,21.1,-73.1
AL091969,            CAMILLE,19690815,2200, L, HU,21.9,-84.3
AL091969,            CAMILLE,19690818,400, L, HU,30.3,-89.4
AL031983,             ALICIA,19830818,700, L, HU,29.1,-95.1
AL041983,              BARRY,19830825,1100, L, TD,27.9,-80.6
AL041983,              BARRY,19830828,1725, L, HU,25.4,-97.4
AL101984,              DIANA,19840913,700, L, HU,33.9,-78
AL021985,                BOB,19850725,300, L, HU,32.2,-80.5
AL041985,              DANNY,19850815,1630, L, HU,29.6,-92.7
AL051985,              ELENA,19850902,1300, L, HU,30.4,-89.2
AL091985,             GLORIA,19850927,530, L, HU,35.2,-75.6
AL091985,             GLORIA,19850927,1600, L, HU,40.6,-73.3
AL101985,              HENRI,19850924,2100, L, TS,40.8,-72.5
AL101985,              HENRI,19850925,0, L, TD,41.3,-71.8
AL111985,             ISABEL,19851010,2100, L, TS,30.6,-81.4
AL121985,               JUAN,19851029,1100, L, HU,29.5,-91.4
AL131985,               KATE,19851121,2230, L, HU,30,-85.4
AL021986,             BONNIE,19860626,1000, L, HU,29.6,-94.2
AL051986,            CHARLEY,19860817,1400, L, HU,34.7,-76.5
AL031987,            UNNAMED,19870810,600, L, TS,29.5,-94.5
AL121987,              EMILY,19870923,300, L, HU,18.3,-71
AL121987,              EMILY,19870925,1145, L, HU,32.3,-64.7
AL131987,              FLOYD,19871012,2100, L, HU,25.1,-80.5
AL031988,              CHRIS,19880828,1500, L, TS,32,-80.9
AL041988,              DEBBY,19880903,0, L, HU,20.7,-97.3
AL071988,           FLORENCE,19880910,200, L, HU,29.1,-89.3
AL081988,            GILBERT,19880912,1700, L, HU,17.8,-76.8
AL081988,            GILBERT,19880914,1500, L, HU,20.7,-87
AL081988,            GILBERT,19880916,2200, L, HU,24.2,-97.8
AL111988,               JOAN,19881015,100, L, TS,12.1,-61.8
AL111988,               JOAN,19881017,600, L, TS,12,-71.2
AL111988,               JOAN,19881022,1000, L, HU,11.9,-83.7
AL121988,              KEITH,19881121,800, L, TS,21.2,-86.8
AL121988,              KEITH,19881123,700, L, TS,27.3,-82.6
AL021989,            ALLISON,19890626,1300, L, TS,28.7,-95.7
AL041989,            CHANTAL,19890801,1300, L, HU,29.6,-94.4
AL051989,               DEAN,19890808,1300, L, TS,46.9,-55.9
AL111989,               HUGO,19890917,500, L, HU,16.3,-61.3
AL111989,               HUGO,19890918,600, L, HU,17.7,-64.8
AL111989,               HUGO,19890918,1200, L, HU,18.2,-65.5
AL111989,               HUGO,19890918,1300, L, HU,18.3,-65.6
AL111989,               HUGO,19890922,400, L, HU,32.8,-79.8
AL141989,              JERRY,19891016,30, L, HU,29.2,-95
AL051990,              DIANA,19900805,1800, L, TS,19.1,-87.6
AL051990,              DIANA,19900807,1900, L, HU,20.9,-97
AL031991,                BOB,19910819,1720, L, HU,41.2,-71.6
AL031991,                BOB,19910819,1800, L, HU,41.4,-71.4
AL031991,                BOB,19910820,130, L, TS,44.1,-69.1
AL081991,              ERIKA,19910912,300, L, TS,37.7,-25.9
AL091991,             FABIAN,19911015,2100, L, TS,21.5,-82.8
AL091991,             FABIAN,19911016,0, L, TS,22.4,-81.8
AL121991,            UNNAMED,19911102,1400, L, TS,44.6,-63.5
AL041992,             ANDREW,19920823,2100, L, HU,25.4,-76.6
AL041992,             ANDREW,19920824,100, L, HU,25.4,-77.8
AL041992,             ANDREW,19920824,840, L, HU,25.5,-80.2
AL041992,             ANDREW,19920824,905, L, HU,25.5,-80.3
AL041992,             ANDREW,19920826,830, L, HU,29.6,-91.5
AL071992,           DANIELLE,19920925,2200, L, TS,37.8,-75.5
AL021993,             ARLENE,19930620,900, L, TS,27.1,-97.4
AL031993,               BRET,19930807,700, L, TS,10.8,-60.8
AL031993,               BRET,19930807,1000, L, TS,10.8,-61.8
AL031993,               BRET,19930808,800, L, TS,11,-68.3
AL031993,               BRET,19930810,1700, L, TS,11.1,-83.8
AL041993,              CINDY,19930814,1800, L, TS,14.5,-60.9
AL041993,              CINDY,19930816,2100, L, TD,18.3,-71
AL081993,               GERT,19930915,1800, L, TS,11.8,-83.8
AL081993,               GERT,19930918,0, L, TS,17.3,-88.1
AL081993,               GERT,19930920,2100, L, HU,21.2,-97.5
AL011994,            ALBERTO,19940703,1500, L, TS,30.4,-86.5
AL021994,            UNNAMED,19940720,1400, L, TD,33.2,-79.2
AL031994,              BERYL,19940816,0, L, TS,30,-85.6
AL051994,            UNNAMED,19940831,600, L, TD,22.4,-98
AL061994,              DEBBY,19940910,300, L, TS,14,-61
AL081994,            UNNAMED,19940925,1800, L, TD,16.6,-88.4
AL121994,             GORDON,19941110,600, L, TD,14,-83.4
AL121994,             GORDON,19941113,300, L, TS,17.9,-76.8
AL121994,             GORDON,19941113,1300, L, TS,20,-74.9
AL121994,             GORDON,19941115,1300, L, TS,24.6,-81.7
AL121994,             GORDON,19941116,1300, L, TS,26.5,-81.9
AL121994,             GORDON,19941121,300, L, TD,28.5,-80.6
AL011995,            ALLISON,19950605,1400, L, TS,29.9,-84.4
AL011995,            ALLISON,19950605,1500, L, TS,30.1,-84.2
AL021995,              BARRY,19950709,2130, L, TS,45.3,-61
AL021995,              BARRY,19950709,2200, L, TS,45.6,-60.8
AL041995,               DEAN,19950731,200, L, TS,29.2,-95.3
AL051995,               ERIN,19950802,615, L, HU,27.7,-80.3
AL051995,               ERIN,19950803,1600, L, HU,30.3,-87.2
AL061995,            UNNAMED,19950806,2300, L, TD,21.5,-97.4
AL081995,          GABRIELLE,19950811,2000, L, TS,23.7,-97.8
AL101995,               IRIS,19950827,1800, L, TS,17,-61.9
AL101995,               IRIS,19950827,2300, L, TS,17.7,-62
AL111995,              JERRY,19950823,1800, L, TS,27,-80.2
AL131995,               LUIS,19950905,1200, L, HU,17.5,-61.7
AL151995,            MARILYN,19950914,2100, L, HU,15.5,-61.3
AL171995,               OPAL,19951004,2200, L, HU,30.3,-87.1
AL191995,            ROXANNE,19951011,200, L, HU,20,-87.6
AL011996,             ARTHUR,19960620,0, L, TS,34.7,-76.4
AL021996,             BERTHA,19960712,2000, L, HU,34.3,-77.8
AL031996,              CESAR,19960728,400, L, HU,12.2,-83.9
AL041996,              DOLLY,19960820,1730, L, HU,19.1,-87.7
AL041996,              DOLLY,19960823,1200, L, HU,21.6,-97.7
AL061996,               FRAN,19960906,30, L, HU,33.9,-78
AL081996,           HORTENSE,19960910,600, L, HU,18,-66.9
AL081996,           HORTENSE,19960915,300, L, HU,44.8,-62.5
AL101996,          JOSEPHINE,19961008,330, L, TS,30,-83.9
AL111996,               KYLE,19961012,1200, L, TD,16,-88.1
AL121996,               LILI,19961018,930, L, HU,22.3,-82
AL051997,              DANNY,19970718,900, L, HU,29.3,-89.7
AL051997,              DANNY,19970719,1000, L, HU,30.2,-88.1
AL051997,              DANNY,19970719,1800, L, HU,30.4,-87.9
AL021998,             BONNIE,19980827,400, L, HU,34.4,-77.7
AL031998,            CHARLEY,19980822,1000, L, TS,27.8,-97.1
AL051998,               EARL,19980903,600, L, HU,30.1,-85.7
AL061998,            FRANCES,19980911,600, L, TS,28.2,-96.9
AL071998,            GEORGES,19980921,430, L, HU,17,-61.7
AL071998,            GEORGES,19980921,800, L, HU,17.2,-62.6
AL071998,            GEORGES,19980921,2200, L, HU,18.1,-65.8
AL071998,            GEORGES,19980922,1230, L, HU,18.2,-68.7
AL071998,            GEORGES,19980923,2130, L, HU,20.1,-74.5
AL071998,            GEORGES,19980925,1530, L, HU,24.5,-81.8
AL071998,            GEORGES,19980928,1130, L, HU,30.4,-88.9
AL081998,            HERMINE,19980920,500, L, TS,29.1,-90.9
AL131998,              MITCH,19981029,1200, L, HU,15.9,-85.7
AL131998,              MITCH,19981104,200, L, TS,20.1,-90.5
AL131998,              MITCH,19981105,1100, L, TS,26.2,-81.9
AL021999,            UNNAMED,19990703,400, L, TD,20.5,-97
AL031999,               BRET,19990823,0, L, HU,26.9,-97.4
AL051999,             DENNIS,19990828,700, L, HU,26.6,-76.8
AL051999,             DENNIS,19990904,2100, L, TS,34.8,-76.5
AL071999,            UNNAMED,19990906,1200, L, TD,23.2,-97.7
AL081999,              FLOYD,19990914,1200, L, HU,25.4,-76.3
AL081999,              FLOYD,19990914,1900, L, HU,26.3,-77.1
AL081999,              FLOYD,19990916,630, L, HU,33.8,-78
AL101999,             HARVEY,19990921,1700, L, TS,25.9,-81.7
AL131999,              IRENE,19991014,1200, L, TS,21.3,-82.9
AL131999,              IRENE,19991014,1900, L, TS,22.7,-82.5
AL131999,              IRENE,19991015,1300, L, HU,24.6,-81.6
AL131999,              IRENE,19991015,2000, L, HU,25.3,-81.1
AL141999,               JOSE,19991020,1600, L, HU,17.1,-61.7
AL141999,               JOSE,19991021,1105, L, TS,18.4,-64.6
AL151999,            KATRINA,19991030,0, L, TS,13.8,-83.4
AL161999,              LENNY,19991117,1800, L, HU,17.4,-64.8
AL161999,              LENNY,19991118,1800, L, HU,18,-63.3
AL161999,              LENNY,19991119,0, L, HU,18.1,-63.1
AL161999,              LENNY,19991119,600, L, HU,18,-62.9
AL161999,              LENNY,19991120,0, L, TS,17.3,-61.8
AL072000,              DEBBY,20000822,600, L, HU,17.5,-61.7
AL072000,              DEBBY,20000822,915, L, HU,17.9,-62.8
AL072000,              DEBBY,20000822,1500, L, HU,18.5,-64.4
AL092000,            UNNAMED,20000909,1000, L, TD,29.9,-93.9
AL112000,             GORDON,20000918,300, L, TS,29.3,-83.2
AL122000,             HELENE,20000922,1200, L, TS,30.5,-86.6
AL152000,              KEITH,20001002,2300, L, HU,17.9,-88
AL152000,              KEITH,20001003,300, L, TS,17.9,-88.2
AL152000,              KEITH,20001005,1800, L, HU,22.6,-97.9
AL012001,            ALLISON,20010605,2100, L, TS,28.9,-95.3
AL012001,            ALLISON,20010611,200, L, SD,29.6,-91.6
AL032001,              BARRY,20010806,500, L, TS,30.4,-86.3
AL042001,            CHANTAL,20010821,200, L, TS,18.1,-87.8
AL082001,          GABRIELLE,20010914,1200, L, TS,27.1,-82.6
AL092001,            UNNAMED,20010920,0, L, TD,13.9,-83.5
AL112001,               IRIS,20011009,200, L, HU,16.3,-88.4
AL132001,              KAREN,20011015,1200, L, TS,44.2,-64.8
AL152001,           MICHELLE,20011104,1800, L, HU,21.5,-81.8
AL152001,           MICHELLE,20011104,2300, L, HU,22.1,-81.2
AL152001,           MICHELLE,20011105,1200, L, HU,24.3,-78
AL152001,           MICHELLE,20011105,1800, L, HU,25.4,-76.4
AL022002,             BERTHA,20020805,200, L, TS,29.4,-89.3
AL022002,             BERTHA,20020809,800, L, TD,27.3,-97.4
AL052002,            EDOUARD,20020905,45, L, TS,29.4,-81.1
AL062002,                FAY,20020907,900, L, TS,28.5,-96.3
AL082002,             GUSTAV,20020912,430, L, HU,45.6,-60.4
AL082002,             GUSTAV,20020912,900, L, HU,47.6,-58.6
AL092002,              HANNA,20020914,800, L, TS,29.1,-89.1
AL092002,              HANNA,20020914,1500, L, TS,30.4,-88.4
AL102002,            ISIDORE,20020920,2100, L, HU,22,-84.1
AL102002,            ISIDORE,20020922,2100, L, HU,21.3,-89.3
AL102002,            ISIDORE,20020926,600, L, TS,29.1,-90.3
AL122002,               KYLE,20021011,1700, L, TS,33,-79.5
AL122002,               KYLE,20021011,2200, L, TS,33.9,-78.4
AL132002,               LILI,20020930,1400, L, HU,19.7,-79.8
AL132002,               LILI,20021001,1100, L, HU,21.3,-83
AL132002,               LILI,20021001,1400, L, HU,22.1,-84
AL132002,               LILI,20021003,1300, L, HU,29.5,-92.2
AL142002,            UNNAMED,20021016,1600, L, TD,22,-80.7
AL032003,               BILL,20030630,1900, L, TS,29.3,-91
AL042003,          CLAUDETTE,20030711,1000, L, TS,20.8,-86.9
AL042003,          CLAUDETTE,20030715,1530, L, HU,28.3,-96.2
AL072003,            UNNAMED,20030726,600, L, TD,31.5,-81.3
AL082003,              ERIKA,20030816,1030, L, HU,25.3,-97.4
AL112003,              GRACE,20030831,1100, L, TS,29.4,-95.1
AL122003,              HENRI,20030906,900, L, TD,27.9,-82.8
AL132003,             ISABEL,20030918,1700, L, HU,34.9,-76.2
AL152003,               JUAN,20030929,300, L, HU,44.4,-63.8
AL172003,              LARRY,20031005,1000, L, TS,18.4,-93.5
AL202003,             ODETTE,20031206,2300, L, TS,17.8,-71.5
AL022004,             BONNIE,20040812,1400, L, TS,29.6,-85.1
AL032004,            CHARLEY,20040813,430, L, HU,22.7,-82.6
AL032004,            CHARLEY,20040813,1945, L, HU,26.6,-82.2
AL032004,            CHARLEY,20040813,2045, L, HU,26.9,-82.1
AL032004,            CHARLEY,20040814,1400, L, HU,33,-79.4
AL032004,            CHARLEY,20040814,1600, L, HU,33.8,-78.7
AL062004,            FRANCES,20040902,1930, L, HU,24,-74.5
AL062004,            FRANCES,20040903,530, L, HU,24.6,-75.6
AL062004,            FRANCES,20040903,1000, L, HU,25.1,-76.1
AL062004,            FRANCES,20040904,1000, L, HU,26.6,-78.2
AL062004,            FRANCES,20040905,430, L, HU,27.2,-80.2
AL062004,            FRANCES,20040906,1800, L, TS,30.1,-84
AL072004,             GASTON,20040829,1400, L, HU,33,-79.6
AL082004,            HERMINE,20040831,600, L, TS,41.5,-70.9
AL092004,               IVAN,20040916,650, L, HU,30.2,-87.9
AL092004,               IVAN,20040924,200, L, TD,29.8,-93.6
AL112004,             JEANNE,20040914,400, L, TD,16.2,-61.3
AL112004,             JEANNE,20040915,1600, L, TS,18,-66
AL112004,             JEANNE,20040916,1100, L, HU,18.6,-68.3
AL112004,             JEANNE,20040925,1400, L, HU,26.7,-77.3
AL112004,             JEANNE,20040926,400, L, HU,27.2,-80.2
AL142004,            MATTHEW,20041010,1100, L, TS,29.2,-91
AL012005,             ARLENE,20050610,800, L, TS,21.8,-84.5
AL012005,             ARLENE,20050611,1900, L, TS,30.3,-87.5
AL022005,               BRET,20050629,1200, L, TS,20.8,-97.3
AL032005,              CINDY,20050704,330, L, TD,19,-87.6
AL032005,              CINDY,20050706,300, L, HU,29.2,-90.1
AL032005,              CINDY,20050706,900, L, TS,30.2,-89.5
AL042005,             DENNIS,20050704,2100, L, TD,12.1,-61.6
AL042005,             DENNIS,20050708,245, L, HU,19.9,-77.6
AL042005,             DENNIS,20050708,1845, L, HU,22.1,-80.7
AL042005,             DENNIS,20050710,1930, L, HU,30.4,-87.1
AL052005,              EMILY,20050714,700, L, HU,12,-61.8
AL052005,              EMILY,20050718,630, L, HU,20.3,-87.4
AL052005,              EMILY,20050720,1200, L, HU,24.8,-97.6
AL072005,               GERT,20050725,0, L, TS,21.8,-97.6
AL112005,               JOSE,20050823,330, L, TS,19.7,-96.4
AL122005,            KATRINA,20050825,2230, L, HU,26,-80.1
AL122005,            KATRINA,20050829,1110, L, HU,29.3,-89.6
AL122005,            KATRINA,20050829,1445, L, HU,30.2,-89.6
AL162005,            OPHELIA,20050906,1600, L, TD,26.6,-78.3
AL182005,               RITA,20050924,740, L, HU,29.7,-93.7
AL202005,               STAN,20051002,1000, L, TS,19.6,-87.5
AL202005,               STAN,20051004,1200, L, HU,18.6,-94.9
AL222005,              TAMMY,20051005,2300, L, TS,30.4,-81.4
AL242005,              VINCE,20051011,900, L, TD,37.2,7.1W
AL252005,              WILMA,20051021,2145, L, HU,20.6,-86.8
AL252005,              WILMA,20051022,330, L, HU,20.8,-86.9
AL252005,              WILMA,20051024,1030, L, HU,25.9,-81.7
AL262005,              ALPHA,20051023,1000, L, TS,18.3,-71.3
AL272005,               BETA,20051030,1200, L, HU,12.9,-83.5
AL012006,            ALBERTO,20060613,1630, L, TS,29.9,-83.7
AL032006,              BERYL,20060721,645, L, TS,41.3,-70.1
AL062006,            ERNESTO,20060828,1115, L, TS,19.9,-75.5
AL062006,            ERNESTO,20060830,300, L, TS,24.9,-80.6
AL062006,            ERNESTO,20060830,500, L, TS,25.2,-80.7
AL062006,            ERNESTO,20060901,340, L, TS,33.9,-78.1
AL022007,              BARRY,20070602,1400, L, TD,27.5,-82.7
AL042007,               DEAN,20070821,830, L, HU,18.7,-87.7
AL042007,               DEAN,20070822,1630, L, HU,20.5,-97
AL052007,               ERIN,20070816,1030, L, TD,28,-96.9
AL062007,              FELIX,20070901,845, L, TS,12.1,-61.7
AL062007,              FELIX,20070904,1200, L, HU,14.3,-83.2
AL072007,          GABRIELLE,20070909,1530, L, TS,34.8,-76.4
AL092007,           HUMBERTO,20070913,700, L, HU,29.6,-94.3
AL102007,                TEN,20070922,0, L, TD,30.4,-86.7
AL132007,            LORENZO,20070928,500, L, HU,20.5,-97
AL162007,               NOEL,20071029,700, L, TS,18.1,-72.5
AL162007,               NOEL,20071030,600, L, TS,21.1,-75.8
AL162007,               NOEL,20071101,1315, L, TS,24.1,-77.9
AL162007,               NOEL,20071101,1745, L, TS,25,-77.4
AL172007,               OLGA,20071211,700, L, SS,18.4,-66.5
AL172007,               OLGA,20071211,1800, L, TS,18.5,-68.4
AL012008,             ARTHUR,20080531,900, L, TS,17.9,-88.2
AL042008,              DOLLY,20080721,530, L, TS,20.8,-87
AL042008,              DOLLY,20080723,1820, L, HU,26.4,-97.2
AL042008,              DOLLY,20080723,2000, L, HU,26.4,-97.4
AL052008,            EDOUARD,20080805,1200, L, TS,29.6,-94.2
AL062008,                FAY,20080815,1430, L, TS,18.5,-68.4
AL062008,                FAY,20080816,1145, L, TS,18.8,-72.8
AL062008,                FAY,20080817,900, L, TS,19.9,-77.4
AL062008,                FAY,20080818,700, L, TS,22.1,-80.8
AL062008,                FAY,20080818,2030, L, TS,24.5,-81.8
AL062008,                FAY,20080819,845, L, TS,25.9,-81.6
AL062008,                FAY,20080821,1900, L, TS,29.3,-81.1
AL062008,                FAY,20080823,615, L, TS,29.8,-84.7
AL072008,             GUSTAV,20080826,1800, L, HU,18.1,-72.8
AL072008,             GUSTAV,20080828,1800, L, TS,18,-76.2
AL072008,             GUSTAV,20080829,200, L, TS,17.9,-77.2
AL072008,             GUSTAV,20080830,1800, L, HU,21.6,-82.5
AL072008,             GUSTAV,20080830,2200, L, HU,22.4,-83.1
AL072008,             GUSTAV,20080901,1500, L, HU,29.2,-90.7
AL082008,              HANNA,20080902,0, L, HU,21.8,-72.3
AL082008,              HANNA,20080903,1900, L, TS,21.7,-71.8
AL082008,              HANNA,20080906,700, L, TS,33.8,-78.7
AL092008,                IKE,20080907,1300, L, HU,21,-73.2
AL092008,                IKE,20080908,200, L, HU,21.1,-75.7
AL092008,                IKE,20080909,1400, L, HU,22.6,-82.9
AL092008,                IKE,20080913,700, L, HU,29.3,-94.7
AL112008,               KYLE,20080929,0, L, HU,43.8,-66.2
AL132008,              MARCO,20081007,1200, L, TS,19.9,-96.5
AL162008,            SIXTEEN,20081015,1230, L, TD,15.8,-84.5
AL172008,             PALOMA,20081109,100, L, HU,20.7,-78
AL032009,               BILL,20090824,300, L, TS,46.9,-56
AL042009,          CLAUDETTE,20090817,530, L, TS,30.4,-86.5
AL062009,              ERIKA,20090902,1830, L, TS,16.3,-61.3
AL112009,                IDA,20091105,1200, L, HU,12.9,-83.6
AL012010,               ALEX,20100627,0, L, TS,17.5,-88.2
AL012010,               ALEX,20100701,200, L, HU,24.2,-97.7
AL022010,                TWO,20100708,1400, L, TD,26.1,-97.1
AL032010,             BONNIE,20100722,2315, L, TS,23,-75.7
AL032010,             BONNIE,20100723,515, L, TS,23.7,-77.5
AL032010,             BONNIE,20100723,1430, L, TS,25.4,-80.2
AL072010,               EARL,20100904,1500, L, HU,44.3,-64.5
AL072010,               EARL,20100904,1900, L, TS,46,-62.7
AL102010,            HERMINE,20100907,200, L, TS,25.3,-97.4
AL112010,               IGOR,20100921,1500, L, HU,46.6,-53.2
AL132010,               KARL,20100915,1245, L, TS,18.5,-87.8
AL132010,               KARL,20100917,1645, L, HU,19.3,-96.2
AL152010,            MATTHEW,20100924,1900, L, TS,14.7,-83.3
AL152010,            MATTHEW,20100925,1500, L, TS,16.5,-88.4
AL182010,              PAULA,20101011,1200, L, TS,15,-83.2
AL182010,              PAULA,20101014,1500, L, TS,22.7,-83.9
AL192010,            RICHARD,20101025,30, L, HU,17.2,-88.3
AL212010,              TOMAS,20101030,900, L, TS,13,-59.5
AL212010,              TOMAS,20101030,2000, L, HU,13.4,-61.2
AL212010,              TOMAS,20101106,730, L, TS,21.7,-71.6
AL012011,             ARLENE,20110630,1300, L, TS,21.6,-97.4
AL042011,                DON,20110730,230, L, TD,27.3,-97.4
AL082011,             HARVEY,20110820,1730, L, TS,17,-88.3
AL082011,             HARVEY,20110822,200, L, TS,18.7,-95.2
AL092011,              IRENE,20110821,2300, L, TS,17.8,-64.6
AL092011,              IRENE,20110822,525, L, TS,18.1,-65.8
AL092011,              IRENE,20110824,1600, L, HU,22.4,-74
AL092011,              IRENE,20110825,0, L, HU,23.5,-75.1
AL092011,              IRENE,20110825,900, L, HU,24.7,-76.2
AL092011,              IRENE,20110825,1800, L, HU,26.5,-77.2
AL092011,              IRENE,20110827,1200, L, HU,34.7,-76.6
AL092011,              IRENE,20110828,935, L, TS,39.4,-74.4
AL092011,              IRENE,20110828,1300, L, TS,40.6,-74
AL132011,                LEE,20110904,1030, L, SS,29.6,-92.1
AL142011,              MARIA,20110916,1830, L, TS,47,-53.5
AL152011,               NATE,20110911,1600, L, TS,20.5,-97
AL182011,               RINA,20111028,200, L, TS,20.5,-87.2
AL022012,              BERYL,20120528,410, L, TS,30.2,-81.4
AL042012,              DEBBY,20120626,2100, L, TS,29.3,-83.2
AL052012,            ERNESTO,20120808,100, L, HU,18.7,-87.2
AL052012,            ERNESTO,20120808,315, L, HU,18.8,-87.7
AL052012,            ERNESTO,20120809,1615, L, TS,18.3,-94.6
AL072012,             HELENE,20120818,1200, L, TD,21.9,-97.7
AL082012,             GORDON,20120820,530, L, HU,37,-25.1
AL092012,              ISAAC,20120825,600, L, TS,18.3,-72.7
AL092012,              ISAAC,20120825,1500, L, TS,20.1,-74.5
AL092012,              ISAAC,20120829,0, L, HU,28.9,-89.4
AL092012,              ISAAC,20120829,800, L, HU,29.2,-90.2
AL182012,              SANDY,20121024,1900, L, HU,17.9,-76.6
AL182012,              SANDY,20121025,525, L, HU,20,-76
AL182012,              SANDY,20121029,2330, L, EX,39.4,-74.4
AL012013,             ANDREA,20130606,2200, L, TS,29.5,-83.4
AL022013,              BARRY,20130617,2200, L, TD,16.5,-88.4
AL022013,              BARRY,20130620,1115, L, TS,19.6,-96.4
AL062013,            FERNAND,20130826,445, L, TS,19.5,-96.3
AL082013,              EIGHT,20130906,1800, L, TD,22.3,-97.9
AL102013,             INGRID,20130916,1115, L, TS,23.7,-97.7
AL012014,             ARTHUR,20140704,315, L, HU,34.7,-76.6
AL012014,             ARTHUR,20140704,800, L, HU,35.8,-75.5
AL032014,             BERTHA,20140803,1400, L, TS,21.8,-71.9
AL052014,              DOLLY,20140903,400, L, TS,22,-97.7
AL072014,                FAY,20141012,810, L, HU,32.3,-64.7
AL082014,            GONZALO,20141013,1430, L, HU,17.1,-61.8
AL082014,            GONZALO,20141013,2245, L, HU,18.1,-63
AL082014,            GONZALO,20141013,2315, L, HU,18.2,-63.1
AL082014,            GONZALO,20141018,30, L, HU,32.3,-64.8
AL092014,              HANNA,20141027,1600, L, TS,14.9,-83.3
AL012015,                ANA,20150510,1000, L, TS,33.8,-78.8
AL022015,               BILL,20150616,1645, L, TS,28.2,-96.7
AL112015,            JOAQUIN,20151001,1200, L, HU,23.1,-73.7
AL112015,            JOAQUIN,20151002,1600, L, HU,23.6,-74.8
AL112015,            JOAQUIN,20151002,2100, L, HU,24.1,-74.5
AL012016,               ALEX,20160115,1315, L, TS,38,-27
AL022016,             BONNIE,20160529,1230, L, TD,32,-79
AL032016,              COLIN,20160607,200, L, TS,29,-83
AL042016,           DANIELLE,20160620,2200, L, TS,21,-97
AL052016,               EARL,20160804,400, L, HU,17,-87
AL052016,               EARL,20160804,600, L, HU,17,-88
AL052016,               EARL,20160806,230, L, TS,19,-96
AL092016,            HERMINE,20160902,530, L, HU,30,-84
AL112016,              JULIA,20160913,600, L, TD,27,-80
AL142016,            MATTHEW,20161004,1100, L, HU,18,-74
AL142016,            MATTHEW,20161005,0, L, HU,20,-74
AL142016,            MATTHEW,20161007,0, L, HU,26,-79
AL142016,            MATTHEW,20161008,1500, L, HU,33,-79
AL162016,               OTTO,20161124,1730, L, HU,11,-83
AL022017,               BRET,20170620,200, L, TS,10,-61
AL022017,               BRET,20170620,900, L, TS,10,-62
AL032017,              CINDY,20170622,700, L, TS,29,-93
AL062017,              EMILY,20170731,1445, L, TS,27,-82
AL072017,           FRANKLIN,20170808,345, L, TS,19,-87
AL072017,           FRANKLIN,20170810,500, L, HU,20,-96
AL092017,             HARVEY,20170818,1000, L, TS,13,-59
AL092017,             HARVEY,20170818,1500, L, TS,13,-61
AL092017,             HARVEY,20170826,300, L, HU,28,-96
AL092017,             HARVEY,20170826,600, L, HU,28,-97
AL092017,             HARVEY,20170830,800, L, TS,29,-93
AL112017,               IRMA,20170906,545, L, HU,17,-61
AL112017,               IRMA,20170906,1115, L, HU,18,-63
AL112017,               IRMA,20170906,1630, L, HU,18,-64
AL112017,               IRMA,20170908,500, L, HU,21,-73
AL112017,               IRMA,20170909,300, L, HU,22,-77
AL112017,               IRMA,20170910,1300, L, HU,24,-81
AL112017,               IRMA,20170910,1930, L, HU,25,-81
AL132017,              KATIA,20170909,300, L, HU,20,-97
AL152017,              MARIA,20170919,115, L, HU,15,-61
AL152017,              MARIA,20170920,1015, L, HU,18,-65
AL162017,               NATE,20171005,1200, L, TS,13,-83
AL162017,               NATE,20171008,0, L, HU,29,-89
AL162017,               NATE,20171008,520, L, HU,30,-89
AL172017,            OPHELIA,20171016,1100, L, EX,51,-10
AL182017,           PHILIPPE,20171028,2200, L, TS,22,-81
AL012018,            ALBERTO,20180528,2100, L, TS,30,-86
AL062018,           FLORENCE,20180914,1115, L, HU,34,-77
AL072018,             GORDON,20180903,1115, L, TS,25,-80
AL072018,             GORDON,20180903,1315, L, TS,25,-80
AL072018,             GORDON,20180905,315, L, TS,30,-88
AL122018,               KIRK,20180928,30, L, TS,13,-60
AL142018,            MICHAEL,20181010,1730, L, HU,30,-85
AL022019,              BARRY,20190713,1500, L, HU,29,-92
AL052019,             DORIAN,20190827,130, L, TS,13,-59
AL052019,             DORIAN,20190827,1100, L, TS,14,-60
AL052019,             DORIAN,20190828,1530, L, HU,17,-64
AL052019,             DORIAN,20190828,1800, L, HU,18,-65
AL052019,             DORIAN,20190901,1640, L, HU,26,-77
AL052019,             DORIAN,20190902,215, L, HU,26,-77
AL052019,             DORIAN,20190906,1230, L, HU,35,-75
AL072019,            FERNAND,20190904,1530, L, TS,24,-97
AL112019,             IMELDA,20190917,1745, L, TS,28,-95
AL122019,              KAREN,20190924,2200, L, TS,18,-65
AL122019,              KAREN,20190924,2300, L, TS,18,-65